TeamID,SEED,Season,KP_AdjOE,KP_AdjDE,KP_AdjEM,KP_AdjTempo,KADJ_EM,KADJ_O,KADJ_D,KADJ_T,BARTHAG,BADJ_EM,BADJ_O,BADJ_D,WIN_pct,EFG_pct,EFG_pctD,TOV_pct,TOV_pctD,OREB_pct,OP_OREB_pct,FTR,FTRD,THREE_PT_pct,THREE_PT_pctD,THREE_PTR,THREE_PTRD,TWO_PT_pct,TWO_PT_pctD,BLK_pct,AST_pct,RAW_T,NEUTRAL_BADJ_EM,NEUTRAL_BADJ_O,NEUTRAL_BADJ_D,NEUTRAL_BARTHAG,NEUTRAL_EFG_pct,NEUTRAL_EFG_pctD,NEUTRAL_TOV_pct,NEUTRAL_TOV_pctD,NEUTRAL_OREB_pct,NEUTRAL_OP_OREB_pct,NEUTRAL_FTR,NEUTRAL_FTRD,NEUTRAL_3PT_pct,NEUTRAL_3PT_pctD,NEUTRAL_WIN_pct,coach_PAKE,coach_GAMES,coach_WIN_pct,coach_F4,coach_CHAMP,AVG_HGT,EFF_HGT,EXP,TALENT,ELITE_SOS,WAB,NET_RPI,WAB_RANK,ELO,Q1_W,Q2_W,Q1_PLUS_Q2_W,Q3_Q4_L
1181,1,2026,128.001,89.0857,38.9156,65.4237,38.9156,128.001,89.0857,65.4237,0.9799948975195408,37.748132,128.001,89.0857,0.9310344827586207,57.56402620607505,45.689655172413794,14.728726770611589,10.279423891989337,35.259433962264154,21.830985915492956,38.29660512209649,23.067776456599287,35.36585365853659,30.117340286831812,43.954734961286476,45.60047562425684,61.10520722635494,46.12021857923497,15.40983606557377,59.33014354066985,67.42629310344827,37.748132,128.001,89.0857,0.9799948975195408,57.56402620607505,45.689655172413794,14.728726770611589,10.279423891989337,35.259433962264154,21.830985915492956,38.29660512209649,23.067776456599287,35.36585365853659,30.117340286831812,0.9310344827586207,0.6,6.0,0.667,0.0,0.0,77.5,80.58,2.185,42.959,30.085,2.3,34.0,34.0,35.0,5.0,5.0,10.0,0.0
1373,16,2026,107.154,109.261,-2.10717,64.7113,-2.10717,107.154,109.261,64.7113,0.4475148088783522,-2.0439549,107.154,109.261,0.6451612903225806,50.988947062245494,49.680418361417786,13.284825129615779,8.72133558127448,29.988726042841034,27.748132337246535,33.740546829552066,28.23939570017432,30.018416206261513,33.13609467455622,31.588132635253054,39.27948866937827,53.74149659863946,49.665071770334926,13.779904306220095,51.57232704402516,63.61854838709677,-2.0439549,107.154,109.261,0.4475148088783522,50.988947062245494,49.680418361417786,13.284825129615779,8.72133558127448,29.988726042841034,27.748132337246535,33.740546829552066,28.23939570017432,30.018416206261513,33.13609467455622,0.6451612903225806,-0.1,8.0,0.444,0.0,0.0,77.5,80.58,2.185,42.959,30.085,2.3,34.0,34.0,35.0,5.0,5.0,10.0,0.0
1326,8,2026,124.39,102.108,22.2824,66.1244,22.2824,124.39,102.108,66.1244,0.9027569636791908,21.613927999999998,124.39,102.108,0.6206896551724138,55.56231003039513,49.82394366197183,12.629345332063583,6.544761953458051,28.214731585518106,29.665587918015103,37.81155015197568,33.86150234741784,34.76923076923077,31.01449275362319,39.51367781155015,40.49295774647887,57.78894472361809,52.071005917159766,12.22879684418146,51.43570536828964,67.44008620689655,21.613927999999998,124.39,102.108,0.9027569636791908,55.56231003039513,49.82394366197183,12.629345332063583,6.544761953458051,28.214731585518106,29.665587918015103,37.81155015197568,33.86150234741784,34.76923076923077,31.01449275362319,0.6206896551724138,-0.1,8.0,0.444,0.0,0.0,77.5,80.58,2.185,42.959,30.085,2.3,34.0,34.0,35.0,5.0,5.0,10.0,0.0
1395,9,2026,115.423,97.8237,17.5995,67.7521,17.5995,115.423,97.8237,67.7521,0.8532033979412273,17.071514999999998,115.423,97.8237,0.6551724137931034,50.857142857142854,50.97748815165877,14.813728366089762,9.142466021316123,31.877729257641924,26.704545454545453,39.6,30.509478672985786,33.07573415765069,33.965244865718795,36.971428571428575,37.5,51.58658204895738,50.99526066350711,17.061611374407583,58.49297573435505,70.53103448275863,17.071514999999998,115.423,97.8237,0.8532033979412273,50.857142857142854,50.97748815165877,14.813728366089762,9.142466021316123,31.877729257641924,26.704545454545453,39.6,30.509478672985786,33.07573415765069,33.965244865718795,0.6551724137931034,-5.6,20.0,0.45,0.0,0.0,77.5,80.58,2.185,42.959,30.085,2.3,34.0,34.0,35.0,5.0,5.0,10.0,0.0
1385,5,2026,120.089,94.1908,25.8979,69.6472,25.8979,120.089,94.1908,69.6472,0.9302015837697014,25.120963,120.089,94.1908,0.7931034482758621,51.05908584169454,47.724654377880185,13.801560490027532,9.954435614758534,33.717277486910994,26.58898305084746,43.03232998885173,31.682027649769584,34.333333333333336,32.33830845771145,33.44481605351171,34.735023041474655,50.83752093802345,47.30803177405119,15.004413062665488,57.687576875768755,71.70603448275861,25.120963,120.089,94.1908,0.9302015837697014,51.05908584169454,47.724654377880185,13.801560490027532,9.954435614758534,33.717277486910994,26.58898305084746,43.03232998885173,31.682027649769584,34.333333333333336,32.33830845771145,0.7931034482758621,2.6,32.0,0.688,2.0,1.0,77.5,80.58,2.185,42.959,30.085,2.3,34.0,34.0,35.0,5.0,5.0,10.0,0.0
1320,12,2026,110.026,98.1897,11.836,62.3511,11.836,110.026,98.1897,62.3511,0.7655944758423205,11.48092,110.026,98.1897,0.6,53.206291591046586,47.39938080495356,13.286332276465993,8.297393279374019,18.870056497175142,24.384787472035793,25.226860254083483,28.85448916408669,34.24657534246575,28.59259259259259,39.7459165154265,41.795665634674926,54.41767068273092,50.638297872340424,14.255319148936172,55.28031290743155,63.47375,11.48092,110.026,98.1897,0.7655944758423205,53.206291591046586,47.39938080495356,13.286332276465993,8.297393279374019,18.870056497175142,24.384787472035793,25.226860254083483,28.85448916408669,34.24657534246575,28.59259259259259,0.6,0.5,8.0,0.5,0.0,0.0,77.5,80.58,2.185,42.959,30.085,2.3,34.0,34.0,35.0,5.0,5.0,10.0,0.0
1242,4,2026,118.353,93.9199,24.4333,67.7245,24.4333,118.353,93.9199,67.7245,0.9200723163355556,23.700301,118.353,93.9199,0.7241379310344828,52.72189349112426,45.040650406504064,12.698333343748633,7.998950137794414,26.70391061452514,27.55102040816326,32.485207100591715,26.558265582655828,35.548172757475086,29.733163913595934,35.62130177514793,42.65582655826558,52.38970588235294,45.36862003780718,19.47069943289225,53.316326530612244,68.97456896551725,23.700301,118.353,93.9199,0.9200723163355556,52.72189349112426,45.040650406504064,12.698333343748633,7.998950137794414,26.70391061452514,27.55102040816326,32.485207100591715,26.558265582655828,35.548172757475086,29.733163913595934,0.7241379310344828,3.9,55.0,0.745,4.0,2.0,77.5,80.58,2.185,42.959,30.085,2.3,34.0,34.0,35.0,5.0,5.0,10.0,0.0
1465,13,2026,107.953,101.957,5.99655,65.8887,5.99655,107.953,101.957,65.8887,0.6455773716970483,5.8166535,107.953,101.957,0.7241379310344828,47.53193960511034,46.269554753309265,14.536859962005936,7.6750554344856505,36.53061224489796,26.11464968152866,36.527293844367016,35.98074608904934,32.612612612612615,29.81132075471698,32.22996515679443,31.889290012033694,46.87232219365895,46.996466431095406,11.837455830388691,40.934065934065934,67.84181034482758,5.8166535,107.953,101.957,0.6455773716970483,47.53193960511034,46.269554753309265,14.536859962005936,7.6750554344856505,36.53061224489796,26.11464968152866,36.527293844367016,35.98074608904934,32.612612612612615,29.81132075471698,0.7241379310344828,-0.1,8.0,0.444,0.0,0.0,77.5,80.58,2.185,42.959,30.085,2.3,34.0,34.0,35.0,5.0,5.0,10.0,0.0
1257,6,2026,124.069,98.6563,25.4129,69.7347,25.4129,124.069,98.6563,69.7347,0.9269861854925058,24.650513,124.069,98.6563,0.6896551724137931,56.50474595198214,48.302646720368244,14.353893554038544,8.892647858394248,32.44397011739594,24.165029469548134,33.835845896147404,33.601841196777904,35.77405857740586,32.608695652173914,53.378001116694584,39.70080552359033,59.76047904191617,47.900763358778626,15.553435114503817,59.571938168846614,71.34913793103448,24.650513,124.069,98.6563,0.9269861854925058,56.50474595198214,48.302646720368244,14.353893554038544,8.892647858394248,32.44397011739594,24.165029469548134,33.835845896147404,33.601841196777904,35.77405857740586,32.608695652173914,0.6896551724137931,-1.1,4.0,0.0,0.0,0.0,77.5,80.58,2.185,42.959,30.085,2.3,34.0,34.0,35.0,5.0,5.0,10.0,0.0
1378,11,2026,117.687,101.871,15.8159,71.6662,15.8159,117.687,101.871,71.6662,0.8294295828960087,15.341422999999999,117.687,101.871,0.7142857142857143,50.871459694989106,48.96013864818024,14.348214705743992,9.926141976760597,35.46747967479675,27.897435897435898,42.53812636165578,39.456961294049684,32.96158612143743,35.23391812865497,43.95424836601307,39.51473136915078,51.99222546161322,46.41833810888252,15.090735434574976,58.67665418227216,75.91785714285713,15.341422999999999,117.687,101.871,0.8294295828960087,50.871459694989106,48.96013864818024,14.348214705743992,9.926141976760597,35.46747967479675,27.897435897435898,42.53812636165578,39.456961294049684,32.96158612143743,35.23391812865497,0.7142857142857143,-0.1,8.0,0.444,0.0,0.0,77.5,80.58,2.185,42.959,30.085,2.3,34.0,34.0,35.0,5.0,5.0,10.0,0.0
1277,3,2026,123.095,94.7832,28.3113,66.1172,28.3113,123.095,94.7832,66.1172,0.9443350319133887,27.461961,123.095,94.7832,0.8275862068965517,53.48288075560803,47.38442822384428,14.461001922597871,7.511545168275219,37.07093821510298,19.873817034700316,35.773317591499406,30.10948905109489,35.6120826709062,31.469440832249674,37.1310507674144,46.77615571776156,53.52112676056338,47.542857142857144,17.485714285714284,67.00251889168766,67.48232758620689,27.461961,123.095,94.7832,0.9443350319133887,53.48288075560803,47.38442822384428,14.461001922597871,7.511545168275219,37.07093821510298,19.873817034700316,35.773317591499406,30.10948905109489,35.6120826709062,31.469440832249674,0.8275862068965517,8.0,47.0,0.681,4.0,0.0,77.5,80.58,2.185,42.959,30.085,2.3,34.0,34.0,35.0,5.0,5.0,10.0,0.0
1295,14,2026,111.767,106.628,5.13885,66.3838,5.13885,111.767,106.628,66.3838,0.6257167666384286,4.984684499999999,111.767,106.628,0.75,53.71445153801508,52.37500000000001,14.107694810476657,9.838945827232797,32.07964601769911,24.04306220095694,30.470110272780033,28.749999999999996,36.005434782608695,34.05483405483405,42.71619268717353,43.3125,53.49544072948328,53.36273428886439,14.994487320837926,53.089533417402265,68.60491071428571,4.984684499999999,111.767,106.628,0.6257167666384286,53.71445153801508,52.37500000000001,14.107694810476657,9.838945827232797,32.07964601769911,24.04306220095694,30.470110272780033,28.749999999999996,36.005434782608695,34.05483405483405,0.75,0.0,1.0,0.0,0.0,0.0,77.5,80.58,2.185,42.959,30.085,2.3,34.0,34.0,35.0,5.0,5.0,10.0,0.0
1417,7,2026,123.758,102.119,21.6391,64.7197,21.6391,123.758,102.119,64.7197,0.8969614782352979,20.989926999999998,123.758,102.119,0.6551724137931034,53.54191263282172,50.64734895191122,12.484410810246096,8.357764559160568,28.90995260663507,30.90277777777778,33.943329397874855,35.388409371146736,37.919463087248324,31.600547195622436,35.18299881936245,45.067817509247845,51.73041894353369,53.31088664421998,13.580246913580247,58.312342569269525,66.01336206896552,20.989926999999998,123.758,102.119,0.8969614782352979,53.54191263282172,50.64734895191122,12.484410810246096,8.357764559160568,28.90995260663507,30.90277777777778,33.943329397874855,35.388409371146736,37.919463087248324,31.600547195622436,0.6551724137931034,-1.5,26.0,0.538,1.0,0.0,77.5,80.58,2.185,42.959,30.085,2.3,34.0,34.0,35.0,5.0,5.0,10.0,0.0
1416,10,2026,120.478,105.429,15.0491,69.2945,15.0491,120.478,105.429,69.2945,0.8183056437017086,14.597627,120.478,105.429,0.7142857142857143,54.57927876359473,52.53882915173238,14.354187056136919,7.227282993299706,33.10344827586207,26.918671248568156,29.8225529479107,33.63201911589008,38.46153846153847,33.6322869955157,34.97424155695478,39.96415770609319,52.904929577464785,53.93034825870647,12.139303482587065,55.26315789473685,71.15892857142856,14.597627,120.478,105.429,0.8183056437017086,54.57927876359473,52.53882915173238,14.354187056136919,7.227282993299706,33.10344827586207,26.918671248568156,29.8225529479107,33.63201911589008,38.46153846153847,33.6322869955157,0.7142857142857143,1.5,5.0,0.6,0.0,0.0,77.5,80.58,2.185,42.959,30.085,2.3,34.0,34.0,35.0,5.0,5.0,10.0,0.0
1163,2,2026,122.008,94.1463,27.8621,64.5342,27.8621,122.008,94.1463,64.5342,0.941926073527821,27.026237000000002,122.008,94.1463,0.9,56.1398521887436,45.26572999389126,13.727301868647821,10.609746132910953,32.57403189066059,26.15546218487395,31.21091529277999,39.82895540623091,36.50568181818182,30.584192439862544,40.02274019329165,35.55284056200366,57.06161137440758,44.92890995260663,18.19905213270142,65.07566938300349,66.29125,27.026237000000002,122.008,94.1463,0.941926073527821,56.1398521887436,45.26572999389126,13.727301868647821,10.609746132910953,32.57403189066059,26.15546218487395,31.21091529277999,39.82895540623091,36.50568181818182,30.584192439862544,0.9,4.0,18.0,0.778,2.0,2.0,77.5,80.58,2.185,42.959,30.085,2.3,34.0,34.0,35.0,5.0,5.0,10.0,0.0
1202,15,2026,107.478,109.456,-1.97741,65.9455,-1.97741,107.478,109.456,65.9455,0.45072520533971205,-1.9180876999999998,107.478,109.456,0.5714285714285714,54.37499999999999,49.471210340775556,14.495123594476677,6.384133857495143,29.830917874396135,26.49214659685864,31.5625,27.967097532314924,32.266666666666666,32.49299719887955,46.875,41.950646298472385,59.647058823529406,50.0,13.765182186234817,56.742323097463284,68.24955357142856,-1.9180876999999998,107.478,109.456,0.45072520533971205,54.37499999999999,49.471210340775556,14.495123594476677,6.384133857495143,29.830917874396135,26.49214659685864,31.5625,27.967097532314924,32.266666666666666,32.49299719887955,0.5714285714285714,0.7,2.0,0.5,0.0,0.0,77.5,80.58,2.185,42.959,30.085,2.3,34.0,34.0,35.0,5.0,5.0,10.0,0.0
1196,1,2026,125.554,91.7472,33.8067,70.6229,33.8067,125.554,91.7472,70.6229,0.9670949328325187,32.792499,125.554,91.7472,0.7931034482758621,53.80289234065345,45.79831932773109,13.878938237540634,8.52631018005909,42.79792746113989,22.338403041825096,38.832351365827535,33.94957983193277,30.758426966292134,32.03389830508475,38.136047134440275,33.0532212885154,58.52813852813853,44.68619246861925,16.736401673640167,53.63128491620112,72.7969827586207,32.792499,125.554,91.7472,0.9670949328325187,53.80289234065345,45.79831932773109,13.878938237540634,8.52631018005909,42.79792746113989,22.338403041825096,38.832351365827535,33.94957983193277,30.758426966292134,32.03389830508475,0.7931034482758621,-2.0,2.0,0.0,0.0,0.0,77.5,80.58,2.185,42.959,30.085,2.3,34.0,34.0,35.0,5.0,5.0,10.0,0.0
1341,16,2026,101.231,111.908,-10.6768,71.0236,-10.6768,101.231,111.908,71.0236,0.2558445343311057,-10.356496,101.231,111.908,0.34615384615384615,47.36673089274245,52.49190938511327,13.991275251941952,9.609102248503527,24.6311010215664,33.73349339735894,43.99486191393706,44.78964401294498,31.941544885177453,36.25954198473282,30.764290301862555,33.915857605178,47.124304267161406,51.518119490695405,16.748285994123407,42.96520423600605,72.84759615384615,-10.356496,101.231,111.908,0.2558445343311057,47.36673089274245,52.49190938511327,13.991275251941952,9.609102248503527,24.6311010215664,33.73349339735894,43.99486191393706,44.78964401294498,31.941544885177453,36.25954198473282,0.34615384615384615,-0.1,8.0,0.444,0.0,0.0,77.5,80.58,2.185,42.959,30.085,2.3,34.0,34.0,35.0,5.0,5.0,10.0,0.0
1250,16,2026,102.735,113.117,-10.3822,66.9695,-10.3822,102.735,113.117,66.9695,0.26149359210761197,-10.070733999999998,102.735,113.117,0.4482758620689655,53.05367057371993,51.32871172732525,15.413104880193037,8.978507697199827,20.794392523364486,31.956521739130434,31.708821714990748,32.52455228191797,35.75949367088608,34.352517985611506,38.98827884022209,32.12016175621028,52.679474216380186,51.23404255319149,11.829787234042554,54.75234270414994,69.13060344827586,-10.070733999999998,102.735,113.117,0.26149359210761197,53.05367057371993,51.32871172732525,15.413104880193037,8.978507697199827,20.794392523364486,31.956521739130434,31.708821714990748,32.52455228191797,35.75949367088608,34.352517985611506,0.4482758620689655,0.5,3.0,0.333,0.0,0.0,77.5,80.58,2.185,42.959,30.085,2.3,34.0,34.0,35.0,5.0,5.0,10.0,0.0
1155,8,2026,116.551,97.3083,19.2428,64.2982,19.2428,116.551,97.3083,64.2982,0.8726149495624815,18.665516,116.551,97.3083,0.7241379310344828,53.24876237623762,48.06962025316456,13.017594919962958,8.890064823389338,26.985981308411215,24.065934065934066,38.056930693069305,33.22784810126582,34.00286944045911,31.305637982195844,43.13118811881188,42.65822784810126,54.95103373231773,48.8962472406181,11.589403973509933,50.53908355795148,65.16379310344827,18.665516,116.551,97.3083,0.8726149495624815,53.24876237623762,48.06962025316456,13.017594919962958,8.890064823389338,26.985981308411215,24.065934065934066,38.056930693069305,33.22784810126582,34.00286944045911,31.305637982195844,0.7241379310344828,1.0,9.0,0.556,0.0,0.0,77.5,80.58,2.185,42.959,30.085,2.3,34.0,34.0,35.0,5.0,5.0,10.0,0.0
1234,9,2026,121.773,99.3642,22.4088,63.0788,22.4088,121.773,99.3642,63.0788,0.9038609542409342,21.736535999999997,121.773,99.3642,0.6896551724137931,56.76282051282051,51.99579831932773,13.566353201687384,9.978557313637829,28.940568475452196,26.28120893561104,35.06410256410256,38.30532212885154,35.52425665101722,33.33333333333333,40.96153846153846,38.865546218487395,59.17480998914224,53.264604810996566,11.683848797250858,56.865284974093264,61.51120689655173,21.736535999999997,121.773,99.3642,0.9038609542409342,56.76282051282051,51.99579831932773,13.566353201687384,9.978557313637829,28.940568475452196,26.28120893561104,35.06410256410256,38.30532212885154,35.52425665101722,33.33333333333333,0.6896551724137931,-0.1,8.0,0.444,0.0,0.0,77.5,80.58,2.185,42.959,30.085,2.3,34.0,34.0,35.0,5.0,5.0,10.0,0.0
1435,5,2026,127.309,99.178,28.1309,69.0148,28.1309,127.309,99.178,69.0148,0.9433790977729883,27.286973,127.309,99.178,0.7586206896551724,56.035934868051655,48.368920521945434,11.370319545187217,11.321309547147617,28.52311161217587,26.332622601279315,37.61931499157777,41.39976275207592,35.471698113207545,31.297709923664126,44.6378439079169,38.84934756820878,58.316430020283974,49.272550921435496,17.070805043646946,56.24270711785297,70.35862068965517,27.286973,127.309,99.178,0.9433790977729883,56.035934868051655,48.368920521945434,11.370319545187217,11.321309547147617,28.52311161217587,26.332622601279315,37.61931499157777,41.39976275207592,35.471698113207545,31.297709923664126,0.7586206896551724,0.6,2.0,0.5,0.0,0.0,77.5,80.58,2.185,42.959,30.085,2.3,34.0,34.0,35.0,5.0,5.0,10.0,0.0
1270,12,2026,114.306,101.805,12.5017,66.2315,12.5017,114.306,101.805,66.2315,0.7773292876012184,12.126648999999999,114.306,101.805,0.8214285714285714,51.1890243902439,49.34527911784976,14.988315926448244,12.80819724623759,33.986175115207374,31.774580335731418,38.41463414634146,41.9710544452102,31.478260869565215,32.93768545994065,35.0609756097561,46.450723638869746,53.333333333333336,49.29214929214929,19.305019305019304,48.73164218958612,65.52723214285714,12.126648999999999,114.306,101.805,0.7773292876012184,51.1890243902439,49.34527911784976,14.988315926448244,12.80819724623759,33.986175115207374,31.774580335731418,38.41463414634146,41.9710544452102,31.478260869565215,32.93768545994065,0.8214285714285714,-0.1,8.0,0.444,0.0,0.0,77.5,80.58,2.185,42.959,30.085,2.3,34.0,34.0,35.0,5.0,5.0,10.0,0.0
1304,4,2026,118.573,92.4596,26.1132,66.7922,26.1132,118.573,92.4596,66.7922,0.9315865718187305,25.329804,118.573,92.4596,0.8620689655172413,55.88405797101449,47.01360141927854,12.804727899532137,9.020334633678509,25.418060200668897,24.923076923076923,26.55072463768116,25.073920756948553,35.6979405034325,29.43305186972256,50.66666666666667,49.02424600827913,58.28437132784959,49.76798143851508,15.661252900232018,65.5940594059406,66.51637931034483,25.329804,118.573,92.4596,0.9315865718187305,55.88405797101449,47.01360141927854,12.804727899532137,9.020334633678509,25.418060200668897,24.923076923076923,26.55072463768116,25.073920756948553,35.6979405034325,29.43305186972256,0.8620689655172413,-1.6,9.0,0.444,0.0,0.0,77.5,80.58,2.185,42.959,30.085,2.3,34.0,34.0,35.0,5.0,5.0,10.0,0.0
1407,13,2026,110.743,109.021,1.72129,64.965,1.72129,110.743,109.021,64.965,0.5429263158216073,1.6696513,110.743,109.021,0.6206896551724138,51.67804323094426,50.45402951191827,14.184484488798322,9.801084768301617,32.5531914893617,30.061349693251532,35.267349260523325,32.29284903518729,33.579335793357934,32.047477744807125,46.2457337883959,38.25198637911464,52.80423280423281,51.93014705882353,12.959558823529413,57.12435233160622,70.01336206896552,1.6696513,110.743,109.021,0.5429263158216073,51.67804323094426,50.45402951191827,14.184484488798322,9.801084768301617,32.5531914893617,30.061349693251532,35.267349260523325,32.29284903518729,33.579335793357934,32.047477744807125,0.6206896551724138,0.0,1.0,0.0,0.0,0.0,77.5,80.58,2.185,42.959,30.085,2.3,34.0,34.0,35.0,5.0,5.0,10.0,0.0
1314,6,2026,121.416,100.566,20.8506,67.9974,20.8506,121.416,100.566,67.9974,0.8894425870898431,20.225082,121.416,100.566,0.7931034482758621,54.7301218804411,47.82016348773842,11.80174063329424,7.2588111844947845,30.135440180586908,24.723618090452263,39.05977945443993,23.814713896457764,33.88888888888889,34.22222222222222,41.78757980266976,36.78474114441417,57.527417746759724,45.775862068965516,12.413793103448276,57.12545676004872,69.83189655172414,20.225082,121.416,100.566,0.8894425870898431,54.7301218804411,47.82016348773842,11.80174063329424,7.2588111844947845,30.135440180586908,24.723618090452263,39.05977945443993,23.814713896457764,33.88888888888889,34.22222222222222,0.7931034482758621,3.4,9.0,0.778,1.0,0.0,77.5,80.58,2.185,42.959,30.085,2.3,34.0,34.0,35.0,5.0,5.0,10.0,0.0
1433,11,2026,119.959,102.979,16.9791,68.7113,16.9791,119.959,102.979,68.7113,0.8452615717351417,16.469727,119.959,102.979,0.7586206896551724,54.358068315665484,48.779779198140616,14.107109079926047,10.00677287676415,32.78327832783278,26.80084745762712,45.46525323910483,34.80534572922719,36.36363636363637,33.62068965517241,44.69964664310954,33.7013364323068,54.20660276890309,47.94040315512708,14.723926380368098,53.88535031847134,70.64181034482759,16.469727,119.959,102.979,0.8452615717351417,54.358068315665484,48.779779198140616,14.107109079926047,10.00677287676415,32.78327832783278,26.80084745762712,45.46525323910483,34.80534572922719,36.36363636363637,33.62068965517241,0.7586206896551724,-0.1,8.0,0.444,0.0,0.0,77.5,80.58,2.185,42.959,30.085,2.3,34.0,34.0,35.0,5.0,5.0,10.0,0.0
1228,3,2026,131.216,99.1185,32.0972,65.6051,32.0972,131.216,99.1185,65.6051,0.9611984240043708,31.134284,131.216,99.1185,0.7586206896551724,55.39709172259508,47.71490750816104,12.025954750442411,5.632409186916066,39.202657807308974,26.073926073926074,33.44519015659955,19.74972796517954,35.51912568306011,32.360742705570296,51.174496644295296,41.022850924918394,57.61741122565864,47.140221402214024,14.48339483394834,51.57004830917874,67.95646551724138,31.134284,131.216,99.1185,0.9611984240043708,55.39709172259508,47.71490750816104,12.025954750442411,5.632409186916066,39.202657807308974,26.073926073926074,33.44519015659955,19.74972796517954,35.51912568306011,32.360742705570296,0.7586206896551724,-1.5,15.0,0.467,0.0,0.0,77.5,80.58,2.185,42.959,30.085,2.3,34.0,34.0,35.0,5.0,5.0,10.0,0.0
1335,14,2026,106.846,106.039,0.807622,69.1995,0.807622,106.846,106.039,69.1995,0.5201795826927709,0.7833933399999999,106.846,106.039,0.56,50.237127371273715,52.06666666666667,14.093048776965952,7.162041181736796,29.051620648259302,28.333333333333332,36.856368563685635,28.53333333333333,38.23529411764706,31.97278911564626,34.552845528455286,39.2,46.48033126293996,54.71491228070175,12.938596491228072,52.63975155279503,69.25399999999999,0.7833933399999999,106.846,106.039,0.5201795826927709,50.237127371273715,52.06666666666667,14.093048776965952,7.162041181736796,29.051620648259302,28.333333333333332,36.856368563685635,28.53333333333333,38.23529411764706,31.97278911564626,0.56,-2.6,15.0,0.4,0.0,0.0,77.5,80.58,2.185,42.959,30.085,2.3,34.0,34.0,35.0,5.0,5.0,10.0,0.0
1388,7,2026,120.292,97.1513,23.1406,65.2406,23.1406,120.292,97.1513,65.2406,0.9100348072334111,22.446382,120.292,97.1513,0.8666666666666667,53.036437246963565,46.30584192439863,14.101613837520011,8.072301914057391,36.5149833518313,20.887991927346114,35.85887796414112,25.83046964490264,38.84430176565008,30.733229329173167,36.032388663967616,36.712485681557844,50.09041591320072,46.425339366515836,12.760180995475112,58.165829145728644,66.89541666666666,22.446382,120.292,97.1513,0.9100348072334111,53.036437246963565,46.30584192439863,14.101613837520011,8.072301914057391,36.5149833518313,20.887991927346114,35.85887796414112,25.83046964490264,38.84430176565008,30.733229329173167,0.8666666666666667,-4.1,14.0,0.357,0.0,0.0,77.5,80.58,2.185,42.959,30.085,2.3,34.0,34.0,35.0,5.0,5.0,10.0,0.0
1401,10,2026,119.712,101.049,18.6633,70.5396,18.6633,119.712,101.049,70.5396,0.8660330564892524,18.103400999999998,119.712,101.049,0.6551724137931034,54.830917874396135,50.64389697648376,13.104439306221652,10.12400726184633,30.296827021494373,30.83923154701719,36.822329575952764,35.33034714445689,36.45833333333333,32.027027027027025,46.3768115942029,41.433370660694294,54.95495495495496,52.48565965583174,13.766730401529637,62.731481481481474,72.88922413793104,18.103400999999998,119.712,101.049,0.8660330564892524,54.830917874396135,50.64389697648376,13.104439306221652,10.12400726184633,30.296827021494373,30.83923154701719,36.822329575952764,35.33034714445689,36.45833333333333,32.027027027027025,0.6551724137931034,-0.3,1.0,0.0,0.0,0.0,77.5,80.58,2.185,42.959,30.085,2.3,34.0,34.0,35.0,5.0,5.0,10.0,0.0
1222,2,2026,124.871,91.4713,33.3997,63.36,33.3997,124.871,91.4713,63.36,0.9657748507078067,32.397709,124.871,91.4713,0.8275862068965517,51.97222222222222,46.6977985323549,11.410252927273222,11.736260153766743,34.75877192982456,27.126436781609197,27.0,39.89326217478319,34.13654618473896,31.3915857605178,41.5,41.22748498999333,52.516619183285854,46.424517593643586,15.209988649262202,54.084158415841586,63.46379310344827,32.397709,124.871,91.4713,0.9657748507078067,51.97222222222222,46.6977985323549,11.410252927273222,11.736260153766743,34.75877192982456,27.126436781609197,27.0,39.89326217478319,34.13654618473896,31.3915857605178,0.8275862068965517,-1.3,20.0,0.7,1.0,0.0,77.5,80.58,2.185,42.959,30.085,2.3,34.0,34.0,35.0,5.0,5.0,10.0,0.0
1225,15,2026,108.87,107.332,1.53798,67.8029,1.53798,108.87,107.332,67.8029,0.538373889032423,1.4918406,108.87,107.332,0.48148148148148145,51.87032418952619,51.26870527000651,12.62939131129851,6.874225650453619,25.780346820809246,22.611850060459492,33.97755610972569,39.62264150943396,35.110533159947984,36.13138686131387,47.942643391521194,35.65387117761874,51.1377245508982,49.646107178968656,12.639029322548028,46.19799139167862,69.50277777777778,1.4918406,108.87,107.332,0.538373889032423,51.87032418952619,51.26870527000651,12.62939131129851,6.874225650453619,25.780346820809246,22.611850060459492,33.97755610972569,39.62264150943396,35.110533159947984,36.13138686131387,0.48148148148148145,-0.1,8.0,0.444,0.0,0.0,77.5,80.58,2.185,42.959,30.085,2.3,34.0,34.0,35.0,5.0,5.0,10.0,0.0
1112,1,2026,127.696,90.0515,37.645,69.8801,37.645,127.696,90.0515,69.8801,0.9773459048405999,36.51565,127.696,90.0515,0.9310344827586207,54.91620111731843,44.93635860542335,14.061010486177311,9.96186844613918,38.81431767337807,23.376623376623375,42.51396648044693,28.721638074156058,35.343035343035346,31.484257871064468,26.87150837988827,36.912008854454896,55.61497326203209,43.59649122807018,13.94736842105263,56.013363028953236,72.34482758620689,36.51565,127.696,90.0515,0.9773459048405999,54.91620111731843,44.93635860542335,14.061010486177311,9.96186844613918,38.81431767337807,23.376623376623375,42.51396648044693,28.721638074156058,35.343035343035346,31.484257871064468,0.9310344827586207,-3.0,7.0,0.571,0.0,0.0,77.5,80.58,2.185,42.959,30.085,2.3,34.0,34.0,35.0,5.0,5.0,10.0,0.0
1254,16,2026,105.655,109.61,-3.95522,67.8617,-3.95522,105.655,109.61,67.8617,0.4023887013776025,-3.8365634,105.655,109.61,0.6774193548387096,53.18970341354225,50.0277932184547,16.907378244044658,10.350500254664457,33.79237288135593,30.01027749229188,33.35198656966984,33.9633129516398,36.06870229007634,32.11920529801324,29.322887520984892,33.574207893274036,52.810768012668255,50.96234309623431,19.16317991631799,50.116822429906534,68.87620967741935,-3.8365634,105.655,109.61,0.4023887013776025,53.18970341354225,50.0277932184547,16.907378244044658,10.350500254664457,33.79237288135593,30.01027749229188,33.35198656966984,33.9633129516398,36.06870229007634,32.11920529801324,0.6774193548387096,-0.1,8.0,0.444,0.0,0.0,77.5,80.58,2.185,42.959,30.085,2.3,34.0,34.0,35.0,5.0,5.0,10.0,0.0
1437,8,2026,120.403,100.447,19.9564,65.278,19.9564,120.403,100.447,65.278,0.8803385453815741,19.357708,120.403,100.447,0.7586206896551724,53.66628175519631,51.35460565924143,13.643234583532513,8.940452965723956,30.425299890948747,30.216647662485745,31.87066974595843,29.25948223961469,35.47979797979798,34.090909090909086,45.72748267898383,37.086092715231786,54.04255319148936,51.48325358851674,11.004784688995215,56.14702154626109,66.72500000000001,19.357708,120.403,100.447,0.8803385453815741,53.66628175519631,51.35460565924143,13.643234583532513,8.940452965723956,30.425299890948747,30.216647662485745,31.87066974595843,29.25948223961469,35.47979797979798,34.090909090909086,0.7586206896551724,-2.1,8.0,0.25,0.0,0.0,77.5,80.58,2.185,42.959,30.085,2.3,34.0,34.0,35.0,5.0,5.0,10.0,0.0
1429,9,2026,122.127,101.388,20.7384,67.7791,20.7384,122.127,101.388,67.7791,0.8883344438637394,20.116248,122.127,101.388,0.8214285714285714,57.52457002457002,48.967075532601676,14.42022000079232,11.145298242370622,32.01483312731768,30.44496487119438,37.83783783783784,39.380245319561006,36.295180722891565,33.437990580847725,40.78624078624078,41.123305358295674,59.64730290456431,48.135964912280706,14.035087719298245,59.31372549019608,67.61339285714286,20.116248,122.127,101.388,0.8883344438637394,57.52457002457002,48.967075532601676,14.42022000079232,11.145298242370622,32.01483312731768,30.44496487119438,37.83783783783784,39.380245319561006,36.295180722891565,33.437990580847725,0.8214285714285714,-0.1,8.0,0.444,0.0,0.0,77.5,80.58,2.185,42.959,30.085,2.3,34.0,34.0,35.0,5.0,5.0,10.0,0.0
1458,5,2026,125.403,102.017,23.3866,68.7807,23.3866,125.403,102.017,68.7807,0.9120286330896558,22.685002,125.403,102.017,0.6896551724137931,53.995560488346285,51.37299771167048,11.917772255768092,6.984596035142775,27.884615384615387,24.864277958740498,32.852386237513876,31.97940503432494,35.45945945945946,33.38129496402878,51.33185349611543,39.75972540045767,54.846066134549595,52.23171889838556,11.68091168091168,56.736711990111246,70.59870689655172,22.685002,125.403,102.017,0.9120286330896558,53.995560488346285,51.37299771167048,11.917772255768092,6.984596035142775,27.884615384615387,24.864277958740498,32.852386237513876,31.97940503432494,35.45945945945946,33.38129496402878,0.6896551724137931,-0.6,12.0,0.5,0.0,0.0,77.5,80.58,2.185,42.959,30.085,2.3,34.0,34.0,35.0,5.0,5.0,10.0,0.0
1219,12,2026,117.076,108.672,8.40355,69.9806,8.40355,117.076,108.672,69.9806,0.6985399778375003,8.1514435,117.076,108.672,0.8571428571428571,55.01750291715286,50.94637223974764,12.817543046868968,13.79558850024451,30.91732729331823,29.919447640966627,42.94049008168028,36.08832807570978,34.37077131258457,32.82442748091603,43.115519253208866,41.32492113564668,57.64102564102564,52.1505376344086,14.838709677419354,53.18627450980392,69.38035714285715,8.1514435,117.076,108.672,0.6985399778375003,55.01750291715286,50.94637223974764,12.817543046868968,13.79558850024451,30.91732729331823,29.919447640966627,42.94049008168028,36.08832807570978,34.37077131258457,32.82442748091603,0.8571428571428571,-0.1,8.0,0.444,0.0,0.0,77.5,80.58,2.185,42.959,30.085,2.3,34.0,34.0,35.0,5.0,5.0,10.0,0.0
1116,4,2026,127.518,102.097,25.4208,71.17,25.4208,127.518,102.097,71.17,0.9270396368695011,24.658175999999997,127.518,102.097,0.7241379310344828,56.357296137339056,51.410743353228426,11.719880674602003,9.97135009008477,30.616740088105725,30.712008501594052,36.1587982832618,31.524688008681494,37.36089030206677,31.456043956043956,33.74463519313305,39.50081389039609,56.518218623481786,54.17040358744395,13.901345291479823,53.054662379421224,72.96767241379311,24.658175999999997,127.518,102.097,0.9270396368695011,56.357296137339056,51.410743353228426,11.719880674602003,9.97135009008477,30.616740088105725,30.712008501594052,36.1587982832618,31.524688008681494,37.36089030206677,31.456043956043956,0.7241379310344828,6.2,52.0,0.75,5.0,1.0,77.5,80.58,2.185,42.959,30.085,2.3,34.0,34.0,35.0,5.0,5.0,10.0,0.0
1218,13,2026,107.156,101.186,5.96985,69.7454,5.96985,107.156,101.186,69.7454,0.6449662192092621,5.7907545,107.156,101.186,0.7307692307692307,52.327127659574465,46.25564880568108,15.838552356314631,7.972071352678364,28.76376988984088,23.295454545454543,42.819148936170215,36.60426081342802,32.51231527093596,29.233870967741936,40.49202127659575,32.020658489347966,54.7486033519553,47.38841405508072,15.954415954415953,50.0,72.85048076923077,5.7907545,107.156,101.186,0.6449662192092621,52.327127659574465,46.25564880568108,15.838552356314631,7.972071352678364,28.76376988984088,23.295454545454543,42.819148936170215,36.60426081342802,32.51231527093596,29.233870967741936,0.7307692307692307,0.4,2.0,0.5,0.0,0.0,77.5,80.58,2.185,42.959,30.085,2.3,34.0,34.0,35.0,5.0,5.0,10.0,0.0
1140,6,2026,125.476,102.233,23.2434,70.008,23.2434,125.476,102.233,70.008,0.9108729057118188,22.546098,125.476,102.233,0.6896551724137931,55.09977827050998,50.52836484983315,13.196154332396196,9.921196322896412,31.86695278969957,25.463917525773194,35.36585365853659,28.531701890989993,35.26170798898072,34.14285714285714,40.243902439024396,38.9321468298109,56.58627087198516,50.09107468123861,15.664845173041893,47.22863741339492,71.59870689655173,22.546098,125.476,102.233,0.9108729057118188,55.09977827050998,50.52836484983315,13.196154332396196,9.921196322896412,31.86695278969957,25.463917525773194,35.36585365853659,28.531701890989993,35.26170798898072,34.14285714285714,0.6896551724137931,-0.1,8.0,0.444,0.0,0.0,77.5,80.58,2.185,42.959,30.085,2.3,34.0,34.0,35.0,5.0,5.0,10.0,0.0
1400,11,2026,124.987,105.958,19.0294,66.9631,19.0294,124.987,105.958,66.9631,0.8702239138938707,18.458517999999998,124.987,105.958,0.6071428571428571,54.88487865588052,50.744416873449126,13.274336283185843,7.923441037250463,35.70566948130278,24.204545454545453,46.35967641568139,40.13647642679901,34.93150684931507,35.701275045537336,36.34100808960797,34.05707196029777,56.30498533724341,49.29444967074318,10.536218250235184,41.794871794871796,69.41428571428571,18.458517999999998,124.987,105.958,0.8702239138938707,54.88487865588052,50.744416873449126,13.274336283185843,7.923441037250463,35.70566948130278,24.204545454545453,46.35967641568139,40.13647642679901,34.93150684931507,35.701275045537336,0.6071428571428571,2.2,30.0,0.667,0.0,0.0,77.5,80.58,2.185,42.959,30.085,2.3,34.0,34.0,35.0,5.0,5.0,10.0,0.0
1301,11,2026,124.077,104.479,19.5982,69.1438,19.5982,124.077,104.479,69.1438,0.8765134709860237,19.010254,124.077,104.479,0.6551724137931034,55.64924114671164,51.902497027348396,12.913440368107265,10.98384583034411,26.837060702875398,28.57142857142857,33.95165823496346,37.098692033293695,38.6277001270648,34.69119579500657,44.238336143901066,45.243757431629014,53.83064516129033,51.79153094462541,13.029315960912053,55.60859188544153,69.6948275862069,19.010254,124.077,104.479,0.8765134709860237,55.64924114671164,51.902497027348396,12.913440368107265,10.98384583034411,26.837060702875398,28.57142857142857,33.95165823496346,37.098692033293695,38.6277001270648,34.69119579500657,0.6551724137931034,-1.4,10.0,0.4,0.0,0.0,77.5,80.58,2.185,42.959,30.085,2.3,34.0,34.0,35.0,5.0,5.0,10.0,0.0
1211,3,2026,122.066,93.9001,28.1657,68.6664,28.1657,122.066,93.9001,68.6664,0.9435646953315016,27.320729,122.066,93.9001,0.9032258064516129,56.26888217522659,46.45868465430017,13.539106257807147,11.282588548172622,34.39099283520983,22.971652003910066,30.966767371601208,31.815626756604836,33.99014778325123,31.177231565329883,30.664652567975832,43.45137717818999,58.605664488017425,46.22266401590458,13.717693836978132,55.62130177514793,70.04798387096774,27.320729,122.066,93.9001,0.9435646953315016,56.26888217522659,46.45868465430017,13.539106257807147,11.282588548172622,34.39099283520983,22.971652003910066,30.966767371601208,31.815626756604836,33.99014778325123,31.177231565329883,0.9032258064516129,3.4,50.0,0.68,2.0,0.0,77.5,80.58,2.185,42.959,30.085,2.3,34.0,34.0,35.0,5.0,5.0,10.0,0.0
1244,14,2026,110.648,110.085,0.563043,71.2431,0.563043,110.648,110.085,71.2431,0.5140723575443453,0.54615171,110.648,110.085,0.5769230769230769,51.04035308953342,49.18247220405494,14.928746230685288,8.16173669359265,33.59908883826879,25.338253382533825,43.757881462799496,48.201438848920866,34.339080459770116,35.19458544839256,43.88398486759142,38.65271419228254,50.674157303370784,46.908315565031984,19.82942430703625,52.31884057971015,74.45625000000001,0.54615171,110.648,110.085,0.5140723575443453,51.04035308953342,49.18247220405494,14.928746230685288,8.16173669359265,33.59908883826879,25.338253382533825,43.757881462799496,48.201438848920866,34.339080459770116,35.19458544839256,0.5769230769230769,-0.1,8.0,0.444,0.0,0.0,77.5,80.58,2.185,42.959,30.085,2.3,34.0,34.0,35.0,5.0,5.0,10.0,0.0
1274,7,2026,121.388,100.703,20.6855,67.6383,20.6855,121.388,100.703,67.6383,0.8878086161449047,20.064935000000002,121.388,100.703,0.7931034482758621,55.92105263157895,50.84033613445378,14.883030996013474,9.839611854507247,34.902411021814004,23.00981461286805,37.47139588100686,29.411764705882355,34.054054054054056,35.10324483775811,31.750572082379865,40.69627851140456,58.17267393126572,49.59514170040486,15.182186234817813,53.45413363533409,69.73922413793103,20.064935000000002,121.388,100.703,0.8878086161449047,55.92105263157895,50.84033613445378,14.883030996013474,9.839611854507247,34.902411021814004,23.00981461286805,37.47139588100686,29.411764705882355,34.054054054054056,35.10324483775811,0.7931034482758621,-0.1,8.0,0.444,0.0,0.0,77.5,80.58,2.185,42.959,30.085,2.3,34.0,34.0,35.0,5.0,5.0,10.0,0.0
1281,10,2026,119.494,104.123,15.3702,66.2435,15.3702,119.494,104.123,66.2435,0.8230311032595978,14.909094,119.494,104.123,0.6896551724137931,55.592503022974604,50.55849500293945,15.12531071975403,8.876821701101544,33.175355450236964,29.001074113856067,42.98669891172914,34.68547912992357,35.16666666666667,35.924932975871315,36.27569528415962,43.85655496766608,57.210626185958255,47.95811518324607,15.602094240837697,51.71990171990172,69.53405172413792,14.909094,119.494,104.123,0.8230311032595978,55.592503022974604,50.55849500293945,15.12531071975403,8.876821701101544,33.175355450236964,29.001074113856067,42.98669891172914,34.68547912992357,35.16666666666667,35.924932975871315,0.6896551724137931,0.4,3.0,0.333,0.0,0.0,77.5,80.58,2.185,42.959,30.085,2.3,34.0,34.0,35.0,5.0,5.0,10.0,0.0
1345,2,2026,131.024,100.527,30.4966,64.6497,30.4966,131.024,100.527,64.6497,0.9547678454765671,29.581702,131.024,100.527,0.7586206896551724,57.75171624713958,51.474127557160045,12.53631941497176,7.260618327837812,33.92434988179669,24.559471365638768,28.4324942791762,26.955475330926593,38.342696629213485,33.2010582010582,40.73226544622426,45.48736462093863,57.91505791505791,52.86975717439294,13.245033112582782,65.06300114547537,66.01508620689656,29.581702,131.024,100.527,0.9547678454765671,57.75171624713958,51.474127557160045,12.53631941497176,7.260618327837812,33.92434988179669,24.559471365638768,28.4324942791762,26.955475330926593,38.342696629213485,33.2010582010582,0.7586206896551724,-2.6,35.0,0.6,1.0,0.0,77.5,80.58,2.185,42.959,30.085,2.3,34.0,34.0,35.0,5.0,5.0,10.0,0.0
1474,15,2026,115.794,117.233,-1.43875,69.6786,-1.43875,115.794,117.233,69.6786,0.46409316797344025,-1.3955875,115.794,117.233,0.5666666666666667,56.60377358490566,54.73946784922394,13.59952192806874,6.312406082653068,28.953229398663698,29.903536977491964,36.68146503884573,39.91130820399113,35.34994068801898,36.5034965034965,46.781354051054386,39.63414634146341,59.74973931178311,54.729109274563825,12.304866850321396,54.19058553386912,71.81625000000001,-1.3955875,115.794,117.233,0.46409316797344025,56.60377358490566,54.73946784922394,13.59952192806874,6.312406082653068,28.953229398663698,29.903536977491964,36.68146503884573,39.91130820399113,35.34994068801898,36.5034965034965,0.5666666666666667,-0.1,8.0,0.444,0.0,0.0,77.5,80.58,2.185,42.959,30.085,2.3,34.0,34.0,35.0,5.0,5.0,10.0,0.0
1276,1,2026,126.703,88.3483,38.3549,71.2353,38.3549,126.703,88.3483,71.2353,0.978865552304843,37.204253,126.703,88.3483,0.9310344827586207,58.723884810841334,44.027027027027025,13.999869492742015,8.732121988693324,35.43990086741016,24.929444967074318,38.28345567476003,26.432432432432435,36.026490066225165,29.577464788732392,42.631281761716544,42.21621621621622,62.20472440944882,43.779232927970064,19.270346117867167,61.61504424778761,72.66077586206897,37.204253,126.703,88.3483,0.978865552304843,58.723884810841334,44.027027027027025,13.999869492742015,8.732121988693324,35.43990086741016,24.929444967074318,38.28345567476003,26.432432432432435,36.026490066225165,29.577464788732392,0.9310344827586207,2.8,6.0,0.667,1.0,0.0,77.5,80.58,2.185,42.959,30.085,2.3,34.0,34.0,35.0,5.0,5.0,10.0,0.0
1420,16,2026,108.22,109.902,-1.682,66.2695,-1.682,108.22,109.902,66.2695,0.45804885754931796,-1.63154,108.22,109.902,0.6923076923076923,53.110047846889955,49.80392156862745,12.557339449541285,5.6766055045871555,21.548387096774192,22.85041224970554,33.424470266575526,25.555555555555554,34.53237410071942,33.33333333333333,38.0041011619959,36.86274509803922,53.91400220507167,49.68944099378882,9.627329192546584,45.521292217327456,67.07692307692308,-1.63154,108.22,109.902,0.45804885754931796,53.110047846889955,49.80392156862745,12.557339449541285,5.6766055045871555,21.548387096774192,22.85041224970554,33.424470266575526,25.555555555555554,34.53237410071942,33.33333333333333,0.6923076923076923,-0.3,2.0,0.0,0.0,0.0,77.5,80.58,2.185,42.959,30.085,2.3,34.0,34.0,35.0,5.0,5.0,10.0,0.0
1224,16,2026,103.189,106.359,-3.17035,69.0807,-3.17035,103.189,106.359,69.0807,0.42139851053379707,-3.0752395,103.189,106.359,0.6,50.03541076487252,47.19827586206897,16.879710385790982,11.041180423582459,32.80212483399734,29.13992297817715,42.13881019830028,39.798850574712645,33.9662447257384,30.45267489711934,33.56940509915014,34.91379310344828,49.57356076759062,48.01324503311258,15.894039735099339,60.383386581469644,69.1955,-3.0752395,103.189,106.359,0.42139851053379707,50.03541076487252,47.19827586206897,16.879710385790982,11.041180423582459,32.80212483399734,29.13992297817715,42.13881019830028,39.798850574712645,33.9662447257384,30.45267489711934,0.6,-0.1,8.0,0.444,0.0,0.0,77.5,80.58,2.185,42.959,30.085,2.3,34.0,34.0,35.0,5.0,5.0,10.0,0.0
1208,8,2026,124.7,104.221,20.4791,71.4624,20.4791,124.7,104.221,71.4624,0.8857362654427259,19.864727,124.7,104.221,0.6896551724137931,54.41408302679979,49.46865037194474,13.090239968322553,10.341755419813547,33.09499489274771,32.9162656400385,37.1518654755649,30.924548352816156,33.33333333333333,32.900432900432904,43.35260115606936,36.82252922422954,57.7922077922078,49.537426408746846,17.91421362489487,48.10690423162583,74.02198275862068,19.864727,124.7,104.221,0.8857362654427259,54.41408302679979,49.46865037194474,13.090239968322553,10.341755419813547,33.09499489274771,32.9162656400385,37.1518654755649,30.924548352816156,33.33333333333333,32.900432900432904,0.6896551724137931,-0.1,8.0,0.444,0.0,0.0,77.5,80.58,2.185,42.959,30.085,2.3,34.0,34.0,35.0,5.0,5.0,10.0,0.0
1387,9,2026,119.475,101.148,18.3268,71.0591,18.3268,119.475,101.148,71.0591,0.8620806816571065,17.776995999999997,119.475,101.148,0.8928571428571429,60.43272080616479,43.59576968272621,15.109839733010599,9.19304164985758,30.33292231812577,24.666666666666668,34.79549496147006,38.249118683901294,41.44736842105263,28.898426323319025,45.05038529934796,41.069330199764984,59.00755124056095,43.76869391824527,14.456630109670987,60.32482598607889,73.03660714285715,17.776995999999997,119.475,101.148,0.8620806816571065,60.43272080616479,43.59576968272621,15.109839733010599,9.19304164985758,30.33292231812577,24.666666666666668,34.79549496147006,38.249118683901294,41.44736842105263,28.898426323319025,0.8928571428571429,-0.1,8.0,0.444,0.0,0.0,77.5,80.58,2.185,42.959,30.085,2.3,34.0,34.0,35.0,5.0,5.0,10.0,0.0
1403,5,2026,125.047,99.8823,25.1652,66.2649,25.1652,125.047,99.8823,66.2649,0.9252918491707841,24.410244,125.047,99.8823,0.7586206896551724,56.52295632698768,49.02186421173763,12.70185298361234,9.072752131151672,33.005464480874316,27.25388601036269,28.163493840985442,32.22094361334868,39.548693586698334,31.42389525368249,47.1444568868981,35.15535097813579,54.02542372881356,50.04436557231588,13.043478260869565,55.39739027283511,68.41250000000001,24.410244,125.047,99.8823,0.9252918491707841,56.52295632698768,49.02186421173763,12.70185298361234,9.072752131151672,33.005464480874316,27.25388601036269,28.163493840985442,32.22094361334868,39.548693586698334,31.42389525368249,0.7586206896551724,-0.4,3.0,0.333,0.0,0.0,77.5,80.58,2.185,42.959,30.085,2.3,34.0,34.0,35.0,5.0,5.0,10.0,0.0
1103,12,2026,118.87,106.068,12.8026,70.3528,12.8026,118.87,106.068,70.3528,0.7824940309251356,12.418522,118.87,106.068,0.8148148148148148,58.63797169811321,51.03406326034063,13.794544884522939,8.72609468073989,32.903225806451616,28.972972972972972,29.775943396226417,31.082725060827247,38.4514435695538,35.44303797468354,44.92924528301887,43.24817518248175,59.421841541755896,49.41050375133976,13.39764201500536,58.608490566037744,70.88148148148149,12.418522,118.87,106.068,0.7824940309251356,58.63797169811321,51.03406326034063,13.794544884522939,8.72609468073989,32.903225806451616,28.972972972972972,29.775943396226417,31.082725060827247,38.4514435695538,35.44303797468354,0.8148148148148148,2.0,9.0,0.444,0.0,0.0,77.5,80.58,2.185,42.959,30.085,2.3,34.0,34.0,35.0,5.0,5.0,10.0,0.0
1104,4,2026,129.008,103.313,25.6957,73.1619,25.6957,129.008,103.313,73.1619,0.9288772935191874,24.924829,129.008,103.313,0.7586206896551724,55.703819989534274,48.38549428713363,11.194998363634312,7.673990813781584,29.299999999999997,30.789473684210527,37.10099424385139,33.23397913561848,36.10842207163601,32.763532763532766,54.055468341182625,34.873323397913566,57.51708428246014,47.97864225781846,15.102974828375288,54.32801822323462,76.38879310344828,24.924829,129.008,103.313,0.9288772935191874,55.703819989534274,48.38549428713363,11.194998363634312,7.673990813781584,29.299999999999997,30.789473684210527,37.10099424385139,33.23397913561848,36.10842207163601,32.763532763532766,0.7586206896551724,1.1,17.0,0.588,1.0,0.0,77.5,80.58,2.185,42.959,30.085,2.3,34.0,34.0,35.0,5.0,5.0,10.0,0.0
1220,13,2026,114.588,105.123,9.46498,64.781,9.46498,114.588,105.123,64.781,0.7204103524754835,9.1810306,114.588,105.123,0.6428571428571429,51.809815950920246,46.1750305997552,13.311503892545693,7.270540278659494,32.0973348783314,28.29581993569132,32.14723926380368,34.94492044063647,37.392550143266476,32.477341389728096,42.82208588957055,40.514075887392906,48.60515021459227,44.44444444444444,13.168724279835391,49.719887955182074,66.80580357142857,9.1810306,114.588,105.123,0.7204103524754835,51.809815950920246,46.1750305997552,13.311503892545693,7.270540278659494,32.0973348783314,28.29581993569132,32.14723926380368,34.94492044063647,37.392550143266476,32.477341389728096,0.6428571428571429,-0.1,8.0,0.444,0.0,0.0,77.5,80.58,2.185,42.959,30.085,2.3,34.0,34.0,35.0,5.0,5.0,10.0,0.0
1397,6,2026,121.08,95.0107,26.0697,65.0525,26.0697,121.08,95.0107,65.0525,0.9313088121052336,25.287609,121.08,95.0107,0.6896551724137931,52.00451722190853,47.734048896839596,15.908894405948542,9.683674855794765,44.80171489817792,23.848515864892526,38.961038961038966,35.062611806797854,34.26573426573427,30.492676431424766,32.298136645962735,44.78234943351222,52.293577981651374,49.35205183585313,15.010799136069114,60.024301336573515,69.79396551724139,25.287609,121.08,95.0107,0.9313088121052336,52.00451722190853,47.734048896839596,15.908894405948542,9.683674855794765,44.80171489817792,23.848515864892526,38.961038961038966,35.062611806797854,34.26573426573427,30.492676431424766,0.6896551724137931,-6.4,28.0,0.536,0.0,0.0,77.5,80.58,2.185,42.959,30.085,2.3,34.0,34.0,35.0,5.0,5.0,10.0,0.0
1275,11,2026,116.806,108.547,8.25969,70.0338,8.25969,116.806,108.547,70.0338,0.695501922064376,8.011899300000001,116.806,108.547,1.0,59.13272010512484,50.286989795918366,13.13204703856193,8.772637980678667,22.690217391304348,25.597269624573375,40.21024967148489,32.142857142857146,37.369207772795214,32.93515358361775,43.95532194480946,37.37244897959184,61.54747948417351,50.81466395112017,12.219959266802444,51.354838709677416,71.46346153846154,8.011899300000001,116.806,108.547,0.695501922064376,59.13272010512484,50.286989795918366,13.13204703856193,8.772637980678667,22.690217391304348,25.597269624573375,40.21024967148489,32.142857142857146,37.369207772795214,32.93515358361775,1.0,-0.1,8.0,0.444,0.0,0.0,77.5,80.58,2.185,42.959,30.085,2.3,34.0,34.0,35.0,5.0,5.0,10.0,0.0
1374,11,2026,122.926,104.819,18.1071,68.6229,18.1071,122.926,104.819,68.6229,0.85944766229447,17.563886999999998,122.926,104.819,0.6551724137931034,56.39823496966354,50.970066518847,13.644360929252791,8.76111596509916,32.10702341137124,28.47011144883485,32.818532818532816,32.31707317073171,37.93650793650794,33.37264150943396,34.74903474903475,47.006651884700666,56.128486897717664,51.778242677824274,15.794979079497908,56.035437430786274,72.02672413793104,17.563886999999998,122.926,104.819,0.85944766229447,56.39823496966354,50.970066518847,13.644360929252791,8.76111596509916,32.10702341137124,28.47011144883485,32.818532818532816,32.31707317073171,37.93650793650794,33.37264150943396,0.6551724137931034,1.6,12.0,0.5,0.0,0.0,77.5,80.58,2.185,42.959,30.085,2.3,34.0,34.0,35.0,5.0,5.0,10.0,0.0
1438,3,2026,122.539,95.8198,26.7195,65.8201,26.7195,122.539,95.8198,65.8201,0.9353510470017999,25.917915,122.539,95.8198,0.8620689655172413,54.52488687782805,45.31615925058548,13.750724053693302,9.771576800060442,37.33766233766234,26.4321608040201,33.82352941176471,33.60655737704918,35.63636363636364,30.744849445324878,46.66289592760181,36.94379391100703,55.46129374337222,44.84679665738162,18.848653667595173,59.36352509179926,68.4603448275862,25.917915,122.539,95.8198,0.9353510470017999,54.52488687782805,45.31615925058548,13.750724053693302,9.771576800060442,37.33766233766234,26.4321608040201,33.82352941176471,33.60655737704918,35.63636363636364,30.744849445324878,0.8620689655172413,-0.1,3.0,0.333,0.0,0.0,77.5,80.58,2.185,42.959,30.085,2.3,34.0,34.0,35.0,5.0,5.0,10.0,0.0
1460,14,2026,112.087,110.035,2.05235,67.2466,2.05235,112.087,110.035,67.2466,0.5511294056648176,1.9907795000000001,112.087,110.035,0.6206896551724138,54.35168738898757,52.960331557134396,13.824798231828343,9.56716109521454,31.20567375886525,27.46234067207416,37.00414446417999,33.27412670219064,36.52173913043478,33.67875647668394,34.04381290704559,34.280639431616336,54.129263913824055,54.234234234234236,16.756756756756758,46.74046740467405,68.84181034482758,1.9907795000000001,112.087,110.035,0.5511294056648176,54.35168738898757,52.960331557134396,13.824798231828343,9.56716109521454,31.20567375886525,27.46234067207416,37.00414446417999,33.27412670219064,36.52173913043478,33.67875647668394,0.6206896551724138,-0.1,8.0,0.444,0.0,0.0,77.5,80.58,2.185,42.959,30.085,2.3,34.0,34.0,35.0,5.0,5.0,10.0,0.0
1246,7,2026,120.548,99.0396,21.5087,68.4232,21.5087,120.548,99.0396,68.4232,0.8957500471106037,20.863439,120.548,99.0396,0.6551724137931034,53.714285714285715,48.25581395348838,12.989436751147776,9.157304069774677,33.624454148471614,27.38719832109129,37.48571428571428,34.76744186046511,35.02170767004342,31.23209169054441,39.48571428571429,40.581395348837205,54.48536355051936,49.217221135029355,18.003913894324853,56.53235653235653,69.28706896551724,20.863439,120.548,99.0396,0.8957500471106037,53.714285714285715,48.25581395348838,12.989436751147776,9.157304069774677,33.624454148471614,27.38719832109129,37.48571428571428,34.76744186046511,35.02170767004342,31.23209169054441,0.6551724137931034,-2.1,2.0,0.0,0.0,0.0,77.5,80.58,2.185,42.959,30.085,2.3,34.0,34.0,35.0,5.0,5.0,10.0,0.0
1365,10,2026,123.684,104.263,19.4206,69.2405,19.4206,123.684,104.263,69.2405,0.8745782815884965,18.837982,123.684,104.263,0.7666666666666667,54.847859721505934,51.68471720818292,15.3737810191098,11.219995464257153,34.994807892004154,30.011074197120706,26.663228468282618,38.8086642599278,34.64658169177289,32.9073482428115,44.5074780814853,37.66546329723225,57.15613382899628,53.0888030888031,14.285714285714285,55.032822757111596,69.81583333333333,18.837982,123.684,104.263,0.8745782815884965,54.847859721505934,51.68471720818292,15.3737810191098,11.219995464257153,34.994807892004154,30.011074197120706,26.663228468282618,38.8086642599278,34.64658169177289,32.9073482428115,0.7666666666666667,-1.1,3.0,0.333,0.0,0.0,77.5,80.58,2.185,42.959,30.085,2.3,34.0,34.0,35.0,5.0,5.0,10.0,0.0
1235,2,2026,123.846,91.4572,32.3886,66.6304,32.3886,123.846,91.4572,66.6304,0.962270742728813,31.416941999999995,123.846,91.4572,0.8275862068965517,57.22543352601156,49.59627329192546,14.40250882411775,11.51168268020881,33.2183908045977,26.155580608793688,35.49132947976879,26.8944099378882,39.03177004538578,32.51445086705203,38.20809248554913,42.98136645962733,56.407857811038355,50.21786492374728,13.725490196078432,59.465737514518004,66.79870689655172,31.416941999999995,123.846,91.4572,0.962270742728813,57.22543352601156,49.59627329192546,14.40250882411775,11.51168268020881,33.2183908045977,26.155580608793688,35.49132947976879,26.8944099378882,39.03177004538578,32.51445086705203,0.8275862068965517,-0.1,8.0,0.444,0.0,0.0,77.5,80.58,2.185,42.959,30.085,2.3,34.0,34.0,35.0,5.0,5.0,10.0,0.0
1398,15,2026,109.115,110.936,-1.82078,70.2846,-1.82078,109.115,110.936,70.2846,0.4546058411956546,-1.7661566,109.115,110.936,0.6666666666666666,49.49344457687723,51.86294078509648,15.170670037926673,10.635108892567152,31.77257525083612,27.383863080684595,34.68414779499404,42.847638057218894,31.944444444444443,33.89513108614232,30.0357568533969,35.528942115768466,50.170357751277685,52.42518059855521,15.479876160990713,45.2,71.04351851851852,-1.7661566,109.115,110.936,0.4546058411956546,49.49344457687723,51.86294078509648,15.170670037926673,10.635108892567152,31.77257525083612,27.383863080684595,34.68414779499404,42.847638057218894,31.944444444444443,33.89513108614232,0.6666666666666666,-0.1,8.0,0.444,0.0,0.0,77.5,80.58,2.185,42.959,30.085,2.3,34.0,34.0,35.0,5.0,5.0,10.0,0.0
